num_clusters,train_rand_score,train_adjusted_rand_score,train_mutual_info_score,train_normalized_mutual_info_score,train_adjusted_mutual_info_score,train_homogeneity_score,train_completeness_score,train_v_measure_score,train_fowlkes_mallows_score,train_silhouette_score,train_calinski_harabasz_score,train_davies_bouldin_score,val_rand_score,val_adjusted_rand_score,val_mutual_info_score,val_normalized_mutual_info_score,val_adjusted_mutual_info_score,val_homogeneity_score,val_completeness_score,val_v_measure_score,val_fowlkes_mallows_score,val_silhouette_score,val_calinski_harabasz_score,val_davies_bouldin_score,test_rand_score,test_adjusted_rand_score,test_mutual_info_score,test_normalized_mutual_info_score,test_adjusted_mutual_info_score,test_homogeneity_score,test_completeness_score,test_v_measure_score,test_fowlkes_mallows_score,test_silhouette_score,test_calinski_harabasz_score,test_davies_bouldin_score
2.0,0.8142794660325127,0.6228907064769135,0.3523996882756035,0.569033846255056,0.5689399311951329,0.5357220051605297,0.6067631089563682,0.569033846255056,0.8392058558134762,0.5630595088005066,4323.29428597173,0.7284304332164904,0.834835903589894,0.6650792693688841,0.38458934477744733,0.6164553831792244,0.6161640169850995,0.5847430266901429,0.6518046936684341,0.6164553831792244,0.8557043407563725,0.5788022875785828,1382.265031686013,0.6802371427759519,0.71468374811859,0.4147902995467793,0.24074483061835517,0.41753209801941427,0.41658119436950564,0.3658714593190616,0.48618019492170433,0.4175320980194143,0.7715889271421282,0.569050669670105,536.3804360807967,0.7422797646750302
3.0,0.6724470076001291,0.3583932009394034,0.3340129381374815,0.38545626467211513,0.3852648250398832,0.5077702589470747,0.3106302471843579,0.3854562646721152,0.6437333862533405,0.5213358998298645,4665.068690858825,0.6855659850055223,0.6975389562427458,0.4066031318142394,0.36407284691647046,0.42383261585830395,0.42319651172252903,0.553549029198476,0.343368943377733,0.4238326158583039,0.6747876015255296,0.5915278792381287,1689.6224556748243,0.5230397850352436,0.6106269032867794,0.23411496313180707,0.2255963594091088,0.26743089583652596,0.26579597403758237,0.34284960147254395,0.219209953278149,0.26743089583652596,0.5808631224726459,0.5824870467185974,773.8076805436211,0.58772621195673
4.0,0.6729577181163133,0.36092728399054297,0.3652990222332044,0.39450424532988876,0.3942391914143603,0.5553317190249665,0.30591064521507255,0.3945042453298887,0.6403115693741969,0.561582624912262,5408.744217379813,0.6190834867837596,0.685518990330017,0.38519535089078666,0.3965613033352752,0.42415443333105984,0.42327612235782647,0.6029456092046539,0.3271459883726108,0.42415443333105984,0.6555619692554435,0.6021348834037781,1774.3853858026198,0.5829436507575237,0.6120900276523504,0.2390739378552442,0.24850814005556987,0.2740797572564714,0.2718033013242977,0.3776697328090621,0.21508475962761903,0.2740797572564713,0.5755159365009122,0.6051753163337708,837.1378811665226,0.5710922045849574
5.0,0.6166699986526555,0.2603714652819642,0.39906520828721515,0.3712342486382943,0.3709181484810141,0.606663458244131,0.267445925722862,0.37123424863829424,0.5456925482104756,0.5793874859809875,6349.975568969644,0.6090799481778137,0.6288135805405676,0.2849465303822194,0.4336814542505618,0.39550738381445055,0.3944592021167595,0.6593843787445645,0.28246756335901074,0.3955073838144506,0.5597053515970469,0.560920238494873,1968.3092833660992,0.6504560451949786,0.5896461199201932,0.20753721401515546,0.3037199941666233,0.2824025279970068,0.279874818672409,0.4615778341104992,0.2034336455606298,0.2824025279970068,0.506692523385622,0.6011688709259033,981.2130957398023,0.6135799943399277
6.0,0.5958375201410551,0.22296875877531386,0.409091761609483,0.3550225264157203,0.35464429489351956,0.6219059383863196,0.24841726259454583,0.35502252641572035,0.5084183385660327,0.5655103921890259,6972.24766708651,0.6622858520440699,0.6118647311201049,0.2543484989574176,0.44252412402894203,0.38071737778548936,0.379448986791545,0.6728290816736684,0.26546470778874504,0.38071737778548936,0.5304153584476343,0.5449020862579346,2081.257676248155,0.6747879128008908,0.5833315831845707,0.19711273105120186,0.3234553731515347,0.2849015151182504,0.2819093047471244,0.4915706355794988,0.20057468463034303,0.2849015151182504,0.49193990458642606,0.5984783172607422,1062.8012123167207,0.6383603723053882
7.0,0.5838960606613512,0.20343399905141907,0.41537366920085633,0.3372713429480381,0.33683490126546706,0.6314557655940317,0.23008069094225136,0.3372713429480381,0.48096464599562616,0.5476155281066895,7353.782580479267,0.6811998638082519,0.5963054834723234,0.22747889587958642,0.4518302826357717,0.3627234247026665,0.36126124048067204,0.6869784891507921,0.2464150733478051,0.36272342470266644,0.4997710285194988,0.533332347869873,2276.0826037690354,0.6894132407116721,0.5649900241520529,0.1654019755737852,0.33660864630063625,0.27514870703405325,0.271769108377956,0.5115602952931604,0.1881824128888338,0.27514870703405314,0.4522062818376553,0.5670943856239319,1124.0543791891916,0.6601713213236016
8.0,0.5727961822715647,0.18476829513358412,0.4165268231064556,0.32029742960722685,0.3198027040683241,0.6332088032473545,0.2143651060819896,0.32029742960722685,0.4559748121933577,0.5290182828903198,7227.455108575282,0.725106076035496,0.5836273792682861,0.20473355655254863,0.4486929207490285,0.3466133434063471,0.34492770882846474,0.6822083349320419,0.232326330366234,0.3466133434063471,0.47547504024886944,0.5292771458625793,2269.918368879428,0.7345849818565768,0.5640169414400225,0.16542282680688497,0.34083676216089875,0.2662027955856443,0.2623800529022373,0.5179859656429285,0.17913073639000537,0.26620279558564436,0.44431855661704944,0.5581124424934387,1125.918121550086,0.7263786772240286
9.0,0.5709912352763322,0.18135048314256694,0.416908284096355,0.3179320764728257,0.31736831797749426,0.6337887045730323,0.21218633099864942,0.3179320764728256,0.45277093437221244,0.5288805365562439,7335.443386183739,0.713090335338485,0.5812934921211189,0.20054650283736095,0.4516739303676037,0.3429839960211472,0.34107198672464517,0.6867407657199173,0.22857026238450948,0.3429839960211472,0.47088823933922885,0.5147643685340881,2289.908016470298,0.7551388411051269,0.5636879134726451,0.1647224952768528,0.3367212774763323,0.2608876330420869,0.2564556565941014,0.5117314662898995,0.17507046330304865,0.2608876330420869,0.44400092723425005,0.5460513234138489,1134.0006059783557,0.742466302981318
10.0,0.5632611732839327,0.16753152051532544,0.42040816628774197,0.3102641030026819,0.3096434803427695,0.6391092651971639,0.2048574367508623,0.310264103002682,0.43674462922157625,0.5114010572433472,7410.143829011671,0.7691424266250431,0.5759854637281746,0.19132491988352887,0.45919449429016435,0.3377529648747779,0.33565126836124287,0.6981752928856129,0.22275770370118675,0.33775296487477785,0.459663416807552,0.5218647718429565,2475.51187573374,0.7675573772573893,0.5575693933984389,0.15367125816776644,0.3360124614422415,0.2535983474559808,0.24869845306691063,0.5106542445854274,0.16868485319078025,0.2535983474559808,0.43155728336743765,0.5369672179222107,1187.7539257386497,0.7669984090978795
11.0,0.5547305616447963,0.15297320912943355,0.4186863012473291,0.296635214258824,0.29595999389447525,0.6364916664229436,0.19337963401471903,0.29663521425882394,0.41657690145443177,0.4928381145000458,7384.4699391368185,0.800056989675467,0.5659363358508315,0.173572151935482,0.4598268149499897,0.32748711469409897,0.3251876150274752,0.6991366952268008,0.21382255663875954,0.32748711469409897,0.4383971404477742,0.5108820199966431,2447.28433888385,0.7956962698110484,0.5492876894536035,0.13968667853579442,0.34254399099202315,0.24813960860891687,0.2428655911580489,0.5205805231344879,0.16289174683748037,0.2481396086089169,0.41083483581135494,0.5478461980819702,1256.427337436351,0.7715086471029352
12.0,0.5522593629533793,0.14855366710202386,0.41820266572718956,0.29162679917419737,0.2908900800167249,0.6357564382169149,0.18920935753071463,0.2916267991741973,0.41112906340045624,0.4961129128932953,7447.536080406374,0.782522210468149,0.5619839292644411,0.16648083113228004,0.4598268149499898,0.32072009193167483,0.318214924990463,0.6991366952268009,0.20808918266364917,0.32072009193167483,0.43002783689223545,0.5104881525039673,2475.0512908580486,0.8142992025638889,0.5476075466414645,0.13666713544380785,0.34254399099202315,0.24480833105182703,0.2390126332711677,0.5205805231344879,0.16003266719808965,0.2448083310518271,0.40717157141514926,0.5495200753211975,1250.2803578484386,0.7682031440580869
13.0,0.5481448695127356,0.142130263567509,0.41946050821915015,0.2820211621873152,0.28123580404492304,0.6376686246472338,0.18104614326456608,0.28202116218731516,0.3994086350695233,0.49565640091896057,7338.441085484859,0.7938132999140665,0.5585930863287866,0.1606316064836382,0.45783143409228855,0.31292857498987264,0.31021549965358697,0.6961028487149924,0.20182997301220074,0.3129285749898727,0.4221952802747198,0.4945146143436432,2335.526484099014,0.8387999455821487,0.5473065210542896,0.13679003465162567,0.3559574690186767,0.24852489862794444,0.24236725236630122,0.5409656286736211,0.16131797726371347,0.24852489862794444,0.4041952544557459,0.54343581199646,1198.505947926264,0.8132377838724945
14.0,0.5444156642335893,0.1354694163375075,0.4195837705393697,0.2767976811329075,0.2759566481270187,0.6378560094252166,0.17674895397839105,0.2767976811329075,0.39078792069796975,0.48983463644981384,7270.260443947161,0.7998208449535013,0.554832040604271,0.15388188894014773,0.45660512380790086,0.306332357803936,0.303417029403735,0.6942383238728674,0.19652431252145308,0.306332357803936,0.4139650879180764,0.4758007228374481,2297.2071987736304,0.8812377387501027,0.5451923413490146,0.13294048735960973,0.3549960154954266,0.244756264534205,0.23811291015419095,0.5395044616665644,0.15828190098567274,0.244756264534205,0.3996772861453252,0.5348459482192993,1166.064032487238,0.8227139625010318
15.0,0.5447936773165087,0.1361851517647815,0.4214538273122152,0.27698095048556537,0.2760776222617563,0.6406988909527659,0.17668101752164347,0.27698095048556537,0.39156278876018075,0.4958416223526001,7203.264468480119,0.8056085301321911,0.5540487129640724,0.15253608668514557,0.45785687465010094,0.3041536655710882,0.30102327619800157,0.6961415294246321,0.19458531240745228,0.30415366557108814,0.4120915584050496,0.484348863363266,2249.40267900443,0.8405185879598541,0.545304350869824,0.13317752774219765,0.35543342784837617,0.2435651988238068,0.23635257389801076,0.54016921818693,0.1572306774669404,0.24356519882380684,0.39980169892378337,0.5442445278167725,1230.0504811196986,0.8183578990234718
16.0,0.5397962803396239,0.12749852441457968,0.42338808853803434,0.27103637813224724,0.2700861121690079,0.6436393768183201,0.17166149505382447,0.27103637813224724,0.37911700926267755,0.4877265393733978,7257.095136258161,0.8334117887122159,0.5476533256550533,0.14125418266329698,0.4598002103521267,0.2988135966921462,0.29549980034883333,0.6990962446701499,0.19001589415698977,0.2988135966921462,0.3972207205916153,0.47821590304374695,2359.6063321509105,0.8658906123440792,0.5380727361825756,0.12059854283564657,0.35554889370984927,0.23582869269517512,0.2283010012557507,0.5403446971915267,0.15082815816722026,0.2358286926951751,0.3818951968850832,0.5084036588668823,1159.2091242939043,0.8510602945033323
17.0,0.5391745521243375,0.1263960210428868,0.4228676312506495,0.26895864159860916,0.2679472282535073,0.6428481717438702,0.17005327008640259,0.26895864159860916,0.37760165824462044,0.4909836947917938,7293.6899150621775,0.8026367974833486,0.5457808506795099,0.137908539248405,0.4597945767388263,0.29479953584243834,0.2912875557226267,0.6990876791283915,0.1867819822889187,0.2947995358424383,0.3928788154448113,0.48168620467185974,2426.5736174256685,0.8490033241674785,0.5384367671252056,0.12123605700760486,0.3558296915515191,0.2348985391644122,0.22680278094089246,0.5407714391317024,0.15003516259148028,0.23489853916441217,0.3827975566631166,0.5033871531486511,1191.7480469436737,0.8302463773734663
18.0,0.5367877443444267,0.12220910579394621,0.4241091633203714,0.2655723059872389,0.26450935011167803,0.6447355628852106,0.1672273733293918,0.26557230598723897,0.3716085127366855,0.4887546896934509,7269.753403366328,0.8074865949455738,0.5452103449324246,0.13691185053756225,0.45750596725637577,0.29120811351741605,0.2874736234108428,0.6956079976087324,0.1841502193767938,0.29120811351741605,0.39149041406441293,0.4708004295825958,2321.700659125304,0.8786715949536963,0.5381357415380308,0.12084940604614884,0.3638789711611929,0.23730006943221418,0.22881348575916283,0.5530043152009175,0.15106097521016704,0.23730006943221416,0.38153849508846854,0.5105977058410645,1215.3002285503198,0.831251093681511
19.0,0.5354313786943212,0.11983654038367292,0.42391080216845695,0.2636081460765227,0.2624745903980078,0.644434012011061,0.1656926783434562,0.26360814607652266,0.36814507065788066,0.4860552251338959,7208.073968545467,0.7940289699686067,0.543545326592185,0.13405102309743283,0.4619140783187905,0.2912003272145099,0.2872527410937539,0.7023102431067566,0.18367996209324297,0.29120032721450984,0.38729090180483844,0.4692091941833496,2414.7340528278005,0.862309719249077,0.5345794392523364,0.11454346693329663,0.36138214818381326,0.23273920726352018,0.22370083198867863,0.549209773635689,0.14765571242635286,0.23273920726352018,0.3729086123449614,0.5129187107086182,1281.219856679901,0.7957127901883595
20.0,0.531803588010554,0.11371898502735119,0.42530365479736054,0.2578426253197532,0.25667825926535237,0.6465514423836605,0.16103054259750552,0.2578426253197532,0.358089142385935,0.4735674262046814,7155.556951246588,0.8366008310181826,0.5392566971830608,0.12668548958915482,0.46348427609968956,0.2854829163628997,0.2813957363747207,0.7046976264687069,0.1789989548219198,0.2854829163628997,0.3762764990267432,0.460374116897583,2380.778801472499,0.8732211324554926,0.5310651405369456,0.10866305375524656,0.35821685283978455,0.22501191059042852,0.21564952987156702,0.5443993225712942,0.14181316613922246,0.2250119105904285,0.36286842663087204,0.5085883140563965,1303.6655912913739,0.8187916942618909
21.0,0.5321386781298625,0.1143190544910307,0.42723648281687987,0.25780197565588403,0.25657120092635277,0.6494897494727335,0.16081766734004474,0.257801975655884,0.3589312775721928,0.4883664846420288,7093.278096430104,0.7944913208460376,0.5412239583799068,0.13006924814001244,0.4657642291668832,0.28767527686453287,0.2833442774351832,0.7081641464732945,0.18049951047792134,0.28767527686453287,0.3813510089595191,0.47296345233917236,2300.319091462018,0.873922885368978,0.5331163148867654,0.11210182716010168,0.3618231209193652,0.22866970506608322,0.2186709745623402,0.5498799410401641,0.1443488713997441,0.22866970506608325,0.36873172108087376,0.5090758800506592,1207.9153992704073,0.7870285959535243
22.0,0.5294048491017751,0.10964645823269867,0.4267569094145919,0.25432711010956893,0.253035106393068,0.6487606965443596,0.15816558410730447,0.2543271101095689,0.35138100544667156,0.4771941304206848,6996.894272886976,0.7973813486239556,0.5369228100358936,0.12267371180223356,0.4729688961577586,0.28714602508762593,0.2826176264883206,0.7191183729482297,0.17938810436632657,0.28714602508762593,0.3701692830400118,0.4514119625091553,2219.801652897338,0.8632989765222181,0.5304560887675452,0.10777471385742132,0.35862481226493415,0.22215488172501444,0.2117474284384333,0.5450193180654408,0.13951027603410282,0.22215488172501444,0.36060581913783435,0.5188353061676025,1261.129493416064,0.778515912054819
23.0,0.527231637628918,0.10595961627445129,0.4278706102216084,0.25046809361854966,0.24913922190849255,0.6504537571495017,0.15509501008132745,0.25046809361854966,0.3451962218240254,0.4678731858730316,6994.750930036248,0.8395515350963716,0.5344100809617404,0.11833983418840362,0.47069648480442955,0.28141370469636046,0.2767006861421779,0.7156633196279157,0.1751414911851063,0.28141370469636046,0.3635290117196199,0.45392727851867676,2253.0410436858406,0.8563585031673924,0.5284749203682313,0.10454651290618094,0.3646685397998706,0.2216517667259715,0.2109110477545382,0.5542042605094983,0.13852767726243762,0.2216517667259715,0.35447959497242276,0.49851131439208984,1255.6837938387912,0.8357029531394483
24.0,0.5286249606782003,0.10837473527394785,0.42943063729105824,0.2511850402383527,0.24980755529335705,0.6528253280037211,0.1555100079423921,0.25118504023835264,0.34903090973829454,0.47797492146492004,7008.122567486002,0.8334159256389341,0.5355832840027684,0.1202861827861181,0.4689523808824918,0.2799555160218642,0.2750316313395839,0.7130115233157579,0.17417080896900983,0.2799555160218642,0.3668417719367834,0.47201886773109436,2347.4374293661995,0.8535072992470099,0.5292379852287444,0.10567598205344529,0.3579288384754669,0.2183316932455009,0.20693241983264982,0.5439616133357228,0.13657453589991383,0.2183316932455009,0.35728410077158623,0.5055124163627625,1241.266045873475,0.8297174572331341
25.0,0.528295836123326,0.10776527450348417,0.42765606356424485,0.25011535658330475,0.248655955322709,0.6501276008862947,0.15484308824698925,0.25011535658330475,0.3482363305172411,0.4811219871044159,6897.164468885547,0.817576239467668,0.5360911950754087,0.1211914572602829,0.4672575471953255,0.27903756217339254,0.27381769453154986,0.7104346391835583,0.17361398093068964,0.27903756217339254,0.3681065593339805,0.465471476316452,2232.3852730847707,0.8176448539747656,0.5306171024537085,0.10807504722411024,0.3618632303476838,0.22201474162957183,0.21057493715253225,0.5499408972610462,0.13908140852837597,0.22201474162957183,0.36095608009791624,0.502998948097229,1208.8444569399246,0.8125954398031068
26.0,0.5240166349036736,0.10036555107591501,0.4298057759720322,0.24490263432491652,0.24340721723122338,0.6533956180836245,0.1506921798081377,0.24490263432491652,0.3362549892385362,0.4714013636112213,6894.434217121523,0.8029958461798776,0.5311515810520555,0.11258884312676125,0.4740792188928423,0.27652594606654113,0.2715085856241909,0.7208065462830666,0.17107880104997006,0.2765259460665411,0.3550940586165315,0.45962968468666077,2272.666871399123,0.8977724708740722,0.5267527739857888,0.10159310752212067,0.364817912791922,0.2173358847165365,0.20580460688818017,0.5544312698057907,0.13515895444757048,0.2173358847165365,0.34964938100054016,0.503062903881073,1175.4448232249786,0.8367817524572493
27.0,0.525314799925154,0.10257936234821136,0.42911116468593896,0.24677580798630722,0.24519027882200375,0.6523396621240324,0.15217044345501635,0.24677580798630724,0.34001903142675066,0.4687536954879761,6854.223388751292,0.7900352129420405,0.5309995654141174,0.11225102922384747,0.4716893433059301,0.2756562630363234,0.270328196549189,0.717172896253286,0.17061792266518777,0.2756562630363234,0.3548832084424804,0.44775915145874023,2304.4159572015164,0.8553371669346312,0.5265637579194231,0.1011477274647611,0.35803425692433044,0.21420992985007561,0.2018963564394374,0.5441218228057487,0.13335446378241336,0.2142099298500756,0.3495860314296694,0.4905690848827362,1246.8485607852983,0.7927971220904498
28.0,0.5256673502330499,0.1032873062252811,0.42885309162860696,0.24467324103248456,0.24304341866051235,0.6519473365336542,0.1505955817998788,0.24467324103248453,0.34073410787181385,0.47464120388031006,6802.618656319471,0.8039763111528809,0.5340255708187205,0.11765820874299267,0.4721288757017485,0.2767370692129851,0.27116611129174856,0.7178411766072513,0.17140866451330364,0.2767370692129851,0.3625505999485554,0.46457427740097046,2192.6235855469317,0.8778009578255813,0.5289439602366202,0.10530917918247126,0.36138830481254414,0.21689743982441395,0.2039882209222906,0.5492191301594925,0.135131828798754,0.21689743982441395,0.35594374862503614,0.5033726692199707,1166.0016553746257,0.8016789602466957
29.0,0.5239060537092861,0.100196813101096,0.43262395890396455,0.2452205764387423,0.2435273896897669,0.6576798517575863,0.1507062290122426,0.24522057643874226,0.33587594666447357,0.46264344453811646,6831.485025251692,0.8090540128807601,0.5307509751356069,0.11186594402066974,0.46989312649961856,0.27283865173100064,0.2672974392526639,0.7144418656977667,0.16861570435793416,0.27283865173100064,0.35408715596991946,0.4489732086658478,2187.1519919616344,0.8981471427131672,0.5264937519689173,0.10105203397076795,0.3620219108625373,0.21497190529985766,0.20224036511488808,0.5501820516459018,0.13358338166108402,0.21497190529985766,0.34929354042577637,0.4890768229961395,1146.5946033283644,0.8356530300039026
30.0,0.5240630499050021,0.10047974080408559,0.4324505012940075,0.24363814268638373,0.24191065964306915,0.6574161595305266,0.1495262536080199,0.2436381426863837,0.3362904144718093,0.46896201372146606,6816.812202613511,0.7886955380170698,0.5307563403934165,0.11186882182273163,0.473793676312508,0.2733055647404588,0.26733128929818095,0.7203723974046826,0.16864413994765648,0.2733055647404588,0.3541189617140449,0.46125391125679016,2245.6954213310164,0.8163115005164322,0.5269557912422556,0.10189849708387713,0.36381169947174585,0.21428466784262334,0.20053239652975097,0.5529020791897615,0.13289495030257006,0.21428466784262334,0.35038685854625484,0.5038624405860901,1248.5215515601988,0.782660510854243
31.0,0.5250189952301675,0.10220413202772186,0.4348077368677724,0.24478279268204373,0.24298704259061574,0.6609996557997555,0.15020317537567437,0.2447827926820437,0.338801021075365,0.47550708055496216,6822.691859979268,0.8093554226573958,0.5330258444468687,0.11580805191998664,0.4684155560640445,0.2715793922227227,0.26561044364240827,0.7121953161758463,0.1677790468882553,0.2715793922227227,0.3602009419065263,0.4655144512653351,2177.092048097142,0.8871863175976941,0.5278798697889321,0.10350122120612536,0.35911485362447043,0.21241477646092274,0.19854715263816278,0.5457640574099148,0.1318696295423564,0.21241477646092277,0.3529121427778639,0.5015416741371155,1235.8256134995827,0.8246741380098178
32.0,0.5226356794879742,0.09818128684631307,0.4337972456709044,0.23947319438056172,0.23763961733501396,0.6594634956151874,0.1462997585753203,0.23947319438056172,0.3317272715324249,0.46165138483047485,6808.212572172038,0.8089131904581183,0.529536638451372,0.10980371439507723,0.4754464877838483,0.27185428015039376,0.2656924547522598,0.7228853894972196,0.16740499634046904,0.2718542801503938,0.35067004250278105,0.4491982161998749,2199.0235211350428,0.8141184810077522,0.5238265252546467,0.09648841529527723,0.3589594433151936,0.207367209504207,0.19334689686726625,0.545527872913233,0.1280141000624332,0.20736720950420698,0.3416465886651017,0.4871075451374054,1171.263826137297,0.8428235565816461
33.0,0.5207747143876901,0.09487054382544416,0.4341226243483892,0.237645677686356,0.23578055022367794,0.6599581399731084,0.14491403452246673,0.237645677686356,0.32658597095230235,0.45049595832824707,6683.355496403051,0.8480342059045095,0.5267949917106767,0.10493844041597608,0.47446303658092137,0.26684789458200703,0.260333310196953,0.7213901160560525,0.16370111399959716,0.26684789458200703,0.3434180188932036,0.450398325920105,2219.85690262057,0.81250680030361,0.5230004550386783,0.09514400764412344,0.36252027748802335,0.20712738444277257,0.19210209243648432,0.5509394432961158,0.12753780865653133,0.2071273844427726,0.33897207745695923,0.47446808218955994,1276.441586320751,0.8238241669477665
34.0,0.5220209353481227,0.09714241770509138,0.436328362650125,0.23871455291616953,0.23677699039561492,0.6633113283702023,0.14554728164954037,0.23871455291616953,0.32988438165225686,0.465663343667984,6715.53183228962,0.8056928331982876,0.5291485514698123,0.10914006761193792,0.47584836941835224,0.26924788527962273,0.2626834567070583,0.7234964243231246,0.16540073472233532,0.26924788527962273,0.34958407681519926,0.4613608717918396,2185.833055419925,0.8486349432143505,0.5253246525954706,0.0992289348133961,0.36080352359923284,0.20787403631201545,0.1926907859171933,0.5483304101178326,0.1282463439438455,0.20787403631201545,0.34526835458451877,0.5055204033851624,1231.6999350998349,0.8195346578330285
35.0,0.5220859745506111,0.09713147378122441,0.4329891281820565,0.2375175055939143,0.23551206209525322,0.6582349862380953,0.14490196447456224,0.2375175055939143,0.3304181237096222,0.4688122272491455,6787.165409145436,0.811215218152975,0.5280307894261499,0.10714204073219818,0.47542924253899976,0.26679073602911135,0.26005790935784423,0.7228591692266747,0.16358267412418978,0.26679073602911135,0.3466743474366826,0.4585740566253662,2298.5282004766805,0.8112634279318541,0.5241625538170744,0.0969895511842281,0.36462009702810216,0.20935749853860622,0.19369796237897186,0.5541306397071125,0.1290587569669275,0.20935749853860625,0.3429115149952566,0.5002716183662415,1252.4763257665643,0.8048041360512959
36.0,0.5207678758138267,0.09484216704739548,0.4345817030638465,0.23655098593316054,0.23449379559698755,0.6606560366459879,0.14406751740312848,0.23655098593316057,0.3266134857729,0.4578174948692322,6713.073734979535,0.8256121171000265,0.5269935062496311,0.10532083557906712,0.4746493502686634,0.26518417328107774,0.25821616647942885,0.721673393872153,0.16243628849157443,0.2651841732810778,0.3438638006166759,0.44960054755210876,2237.20509628347,0.8729823968196564,0.5242955651230354,0.09745064505872075,0.3639790083202435,0.20823593049021213,0.1919487216360162,0.5531563464668598,0.12825966702410746,0.2082359304902122,0.3423734431844496,0.4978944659233093,1247.0385743058796,0.8061118096697518
37.0,0.5195772364537309,0.09287259083009382,0.4363031201876229,0.2338749494710054,0.23180225226242085,0.6632729544922543,0.14196673515184005,0.23387494947100543,0.32285782071248065,0.45197317004203796,6723.232947637174,0.826422157948955,0.5260080872319383,0.10363078822110652,0.47587761582205956,0.2633742265254285,0.25597025091707515,0.723540891573338,0.1609874175523416,0.2633742265254285,0.3410621292727517,0.4434155523777008,2181.06063749021,0.8865434533787375,0.5229024467079701,0.0950492339087004,0.3685121172583004,0.20782463780891136,0.19068489866262162,0.5600455294169536,0.1275847237441937,0.20782463780891133,0.3383963880666878,0.4891606271266937,1240.3277881040756,0.8146986203203506
38.0,0.5205651921246401,0.0945774041674629,0.4349166210562525,0.2344274945292595,0.2322684525008501,0.6611651827787045,0.1424716317940309,0.2344274945292595,0.3257758185787508,0.4615447223186493,6793.642187165801,0.8193634423072887,0.526637610814929,0.10468181088681613,0.4740513005993528,0.26339864271524654,0.2559703180535146,0.7207640983378576,0.16114381018782284,0.2633986427152465,0.34293417741198484,0.436982125043869,2146.555102886036,0.909172437834938,0.5227764359970597,0.0947841722752302,0.36398554478696277,0.205377736837822,0.18822169994037968,0.5531662802486621,0.12609737552767963,0.20537773683782204,0.3382248567881618,0.49641454219818115,1255.977853618466,0.8333950409899125
39.0,0.5188749003677988,0.09173747336322907,0.44001109379824815,0.23316632725992867,0.23098989708986495,0.6689098580533407,0.14119112514839244,0.23316632725992867,0.32055065732272475,0.46130430698394775,6764.914286786422,0.8258439969731757,0.5249886882481182,0.10182064591976522,0.472082207652606,0.25921354455259815,0.251606576589514,0.7177702208809009,0.1581667167266605,0.2592135445525981,0.33831537533065836,0.445723295211792,2045.9304175330435,0.8541692257606572,0.5217333473345235,0.09307227666675033,0.3652234552400107,0.2035687997194346,0.18614660347371553,0.5550475921040388,0.12464101877797804,0.20356879971943456,0.33487352241072466,0.4916843771934509,1333.727615427076,0.7798666636808956
40.0,0.519122253039455,0.09211187785392354,0.4372514842559958,0.23240547068670844,0.23015034164958267,0.6647146683110633,0.1408203870108751,0.23240547068670844,0.32143620324903827,0.45726898312568665,6628.062446486272,0.8025331843474508,0.5252337016880889,0.1022131720003954,0.4708811710593472,0.2589579985985186,0.2513336569026984,0.7159441230385019,0.15806520260602513,0.25895799859851854,0.3390978490903097,0.4556419849395752,2128.4272408774927,0.8468390476909482,0.5212713080611852,0.09216837348682831,0.364872545550789,0.20333732781713462,0.18589315533021813,0.5545142978282906,0.12449436089383535,0.20333732781713462,0.3339659483985147,0.491750568151474,1283.0718313864388,0.8066785797330712
41.0,0.5191874377435151,0.09220061396017756,0.44007590090429644,0.2333557711211538,0.23105766208378894,0.6690083785513886,0.14132568095056192,0.2333557711211538,0.32169783646164435,0.46238014101982117,6647.4843996730915,0.8026648023215521,0.5257344590836497,0.1030921392943551,0.4730883491235953,0.260011020658821,0.25220349457599334,0.7192999933954392,0.1586863027034954,0.260011020658821,0.3404751491382714,0.44556212425231934,2097.8186837995986,0.871178540446266,0.5221043788722042,0.09360882317688622,0.36721647015137976,0.20539760722902486,0.18730248572797945,0.5580764724010501,0.12585989601493097,0.20539760722902486,0.336358539809445,0.4761039912700653,1180.195796891867,0.8763644924307981
42.0,0.5174305062668982,0.08926776502292985,0.4396108964026129,0.22908544621459198,0.22676399157746174,0.6683014734310421,0.13823541493232677,0.22908544621459198,0.31614606096763403,0.45160943269729614,6632.768991215844,0.8474836818780878,0.5227531641607932,0.09794168354641206,0.4768175143721988,0.25786436344658903,0.24964289286858785,0.724969946045214,0.15682220560934867,0.2578643634465891,0.3319583561510583,0.43768495321273804,2007.6388180504323,0.8400467656683744,0.5198781896461199,0.08997567970686618,0.37286973490372816,0.20365592900128945,0.18498406045209542,0.5666680098373725,0.12413442122348012,0.20365592900128945,0.32905096436690756,0.4849078953266144,1341.4675844582123,0.8050901423081239
43.0,0.5183305789885837,0.09074218934021001,0.43645258704716494,0.22841095754512802,0.22602601604113268,0.6635001757082852,0.1379502763364787,0.22841095754512802,0.31908045441292593,0.4629582166671753,6610.762425483979,0.8251097079513312,0.5248724409955773,0.10163088389819815,0.47344916641455764,0.2561880408674873,0.24779437594557546,0.7198485925640447,0.15582186377226098,0.25618804086748737,0.33795373230889075,0.44512397050857544,2111.6724223645983,0.868446354022546,0.5230494592040323,0.09544602213215063,0.37448802177535706,0.20676138727759613,0.18726879885679806,0.5691273979696078,0.12632786152610506,0.2067613872775961,0.3382534957939071,0.5125391483306885,1308.6870611798863,0.8068928091415963
44.0,0.5169094651391329,0.08832009412532686,0.43753054567964633,0.2261472119517859,0.2237192499679996,0.6651389006540956,0.136233258451139,0.2261472119517859,0.3147047490889611,0.4526849687099457,6648.170546742561,0.8289817967575797,0.5230089081163831,0.09834897682631026,0.47327230770315315,0.2545530133194404,0.245898893948347,0.7195796904230791,0.15462619781716952,0.25455301331944047,0.33279671636963504,0.43886125087738037,2055.8904771833777,0.8628340838939044,0.5201862158283455,0.09036662286090398,0.3595247948526892,0.19670578807791977,0.1766374406131718,0.5463870647451843,0.11994341636584205,0.19670578807791977,0.3305229714060531,0.4762916564941406,1236.6087829245878,0.8149182788919523
45.0,0.5170070966936514,0.08844530275886174,0.4366975131013715,0.22734810899660116,0.22482613535189136,0.6638725150753195,0.1371597448299873,0.22734810899660118,0.3151259540959539,0.4460298418998718,6560.454366070956,0.8271040078398785,0.5209486491175045,0.09473853143453788,0.4719953347876273,0.25193091419498126,0.24332965509035087,0.717638136353093,0.1527831502885009,0.2519309141949813,0.3269564940363848,0.42832401394844055,2097.1762433054814,0.9048353425599351,0.5182260492141832,0.08702632200962802,0.36764915025752937,0.19905161982256028,0.17993311662523662,0.558734037099111,0.12109638781480853,0.19905161982256028,0.3245753200591695,0.480755090713501,1387.5941637466112,0.7986927024425462
46.0,0.5152226654200092,0.08538690959146494,0.43987023391654545,0.22409521272960925,0.22159420032449909,0.6686957212626934,0.13460165039383223,0.22409521272960925,0.30960604798998576,0.4529646337032318,6613.274865599463,0.8425418996173358,0.5206142147140407,0.09420626837314988,0.47860239845530944,0.25288754973570754,0.24395350783528214,0.7276837459339061,0.153035533520367,0.2528875497357076,0.3258392416890611,0.43159371614456177,2002.4942876554976,0.8687836461751982,0.5193321432321747,0.08902091882973547,0.3767919747526879,0.20349113113827377,0.1827308230411765,0.5726288257504386,0.12373012307707994,0.20349113113827377,0.327495519362418,0.48156309127807617,1264.180985467255,0.8453219624095336
47.0,0.5122542878585632,0.08021014846178597,0.4384259576363071,0.2220207557647192,0.21946857929153826,0.6665001160717775,0.13319495331259393,0.22202075576471916,0.3004828044609885,0.4417172074317932,6690.079163911131,0.841538901372043,0.5155941218235438,0.08545760115643183,0.47403294069945745,0.2469819608037842,0.2378955159491004,0.7207361833069804,0.14902491883528954,0.24698196080378415,0.3109852031489779,0.42322245240211487,2087.025023924198,0.8767820747184013,0.5174419825685184,0.08575075319514193,0.37162700608793003,0.1991413754403199,0.17792851425874284,0.5647793752851537,0.12088224556092038,0.1991413754403199,0.3219169391497213,0.4654001295566559,1259.4714111759429,0.8459654671996247
48.0,0.5121781905366359,0.08002059554550857,0.43759469382159866,0.2224120581820408,0.219778945214696,0.6652364193874469,0.1335275138376896,0.2224120581820408,0.30042107303470283,0.44403257966041565,6592.96414752765,0.8416055420306204,0.5160358613831992,0.08627473468523363,0.47962056911049084,0.24973000340126503,0.2406966392253601,0.7292318080388049,0.15066269357614376,0.24973000340126503,0.3121711210825665,0.4271422028541565,2056.5565406621845,0.9331093696709553,0.5179390248171094,0.0866932643923804,0.373804977529962,0.20015613582439234,0.17896044580535422,0.5680893428878006,0.12147844908369729,0.20015613582439234,0.32305250952451947,0.47612541913986206,1342.2515065742696,0.8607384484376847
49.0,0.5151600997442374,0.08524600859062499,0.4388800807968044,0.2231309178552512,0.22044799687400463,0.667190479253771,0.13396699084284705,0.2231309178552512,0.3095099474934723,0.450998455286026,6618.2943717022745,0.8178546939459332,0.5194338579959331,0.092101609274731,0.4731031640591009,0.24801731623693618,0.23860428283366356,0.7193225185390641,0.14984065752375367,0.24801731623693618,0.3225473541885786,0.43064969778060913,2046.0906010769877,0.922368514156455,0.5179600266022611,0.08655338514613381,0.36655581403450876,0.1959051999747419,0.17411382043045456,0.5570724416313475,0.11885065529669932,0.19590519997474187,0.32384204789843263,0.48387855291366577,1364.6319464303192,0.8171733905941564
50.0,0.5104522508947619,0.07704063953023137,0.44072394956903604,0.21948624944184122,0.21679710466460256,0.6699935494856046,0.13123985705908897,0.21948624944184125,0.2949008545037469,0.4355531930923462,6545.560671885934,0.8549950080184814,0.5133013683195834,0.08138808769583894,0.4772512274919019,0.24517248612990442,0.2357558695355571,0.7256293785692148,0.1475055002524396,0.2451724861299044,0.30422042496244456,0.42541489005088806,2083.371203913001,0.8745594548245224,0.5151807903671812,0.08184193322865635,0.383758160695903,0.20166334544731973,0.17999709081416873,0.5832156724560796,0.12190829680300524,0.20166334544731973,0.3151150157977425,0.47872743010520935,1277.9256064723165,0.819523189556816
51.0,0.5152962892152199,0.08543099991125279,0.44090321077519984,0.22394086254876613,0.22114819669317667,0.6702660644054772,0.1344269520418085,0.22394086254876616,0.3100786142870674,0.44717565178871155,6595.773693985315,0.8121147527566205,0.5206750209692159,0.09425088390118604,0.47638255284035863,0.24982259520510997,0.2399878765647169,0.7243086153919449,0.15094216528527696,0.24982259520511,0.3261980121367106,0.4385012686252594,2099.9010259191914,0.8766054152769929,0.5195491616787427,0.08937249476723731,0.37595386529855396,0.20153598923552318,0.17858897675947225,0.5713551106377798,0.12234569701038996,0.20153598923552318,0.32822761138464224,0.4764946699142456,1333.7411854312763,0.8041526778252409
52.0,0.5109293505479152,0.07792391606741243,0.4368736369395728,0.2175320971583272,0.21471980556268713,0.6641402605328126,0.1300670976176312,0.21753209715832716,0.29625008193097546,0.4462282657623291,6521.531877558215,0.8429306178488913,0.5137448962985086,0.08224278643944384,0.4790484794048159,0.24520876445284012,0.235353609009882,0.7283619829368426,0.14741931566430516,0.24520876445284015,0.30531969067982095,0.4196925461292267,1998.8229698993528,0.9075476886044139,0.5153558052434457,0.08208520217795573,0.37368312420894695,0.19683856506877906,0.17380613896148348,0.5679041565547519,0.11905116166531096,0.1968385650687791,0.315898598220391,0.46505677700042725,1241.7283906880252,0.8172430948351378
53.0,0.5126618377605097,0.08095306270839071,0.44149756004474744,0.21949075326429973,0.2166261097785002,0.6711696009097398,0.13119804499114354,0.21949075326429973,0.3016532244982481,0.43524178862571716,6472.734145057376,0.8208413121230119,0.5167136722864761,0.08738544287168006,0.4747495070217604,0.24400097301407792,0.23380765447143315,0.7218256756858452,0.14681458064058373,0.24400097301407792,0.3144264829319331,0.4241139590740204,2061.742186845225,0.8825865130652579,0.5166439147327523,0.08448048943862073,0.38018013023988534,0.19899685054245814,0.17629249440922948,0.5777779680573235,0.12019748459913764,0.19899685054245814,0.3190752120395756,0.4597572684288025,1221.4235133470606,0.8338154392063396
54.0,0.5117280086742216,0.07932886553765396,0.43984705907183086,0.21971626405184125,0.21676496828984185,0.6686604906007694,0.1314557666583236,0.21971626405184125,0.29872598980213705,0.44342389702796936,6537.4793858156545,0.8377314260112512,0.5158963646801502,0.08599215500121025,0.47826493148505456,0.2469404687538773,0.23646129878985805,0.7271706494056884,0.1487226582573664,0.24694046875387726,0.3118734966901185,0.42798346281051636,2104.628474550342,0.855355949135593,0.5179390248171094,0.08670310765364518,0.3800977296559213,0.20187922661246305,0.17867357743180853,0.5776527399399586,0.12231264661529732,0.20187922661246308,0.3230121791226397,0.4545304477214813,1212.8573765923477,0.8196280137154547
55.0,0.5110832912106283,0.07820313273672058,0.4415103460972394,0.21897298561891362,0.21599350699421085,0.6711890384118345,0.13082748939486466,0.21897298561891362,0.29670274817798603,0.437406450510025,6559.573666351114,0.8426728021948849,0.5143833619778486,0.08334532447463452,0.47489011657270797,0.24313392606012438,0.23274259563392743,0.7220394633414814,0.14617845896482692,0.24313392606012438,0.3073105020034505,0.4285847246646881,2108.163630864537,0.8730377205400173,0.5153978088137492,0.08217464581264391,0.3709486014132049,0.1939503674477428,0.1698741716652174,0.5637483711812938,0.11712241263713546,0.19395036744774277,0.31595402502145703,0.46563610434532166,1429.0882857508147,0.7851375854307278
56.0,0.5099266992182783,0.0761364786885123,0.43976616902799476,0.21631125965494444,0.21330413041001978,0.6685375206381867,0.12903003789668022,0.21631125965494447,0.2931901193262456,0.4341357946395874,6546.366481051172,0.8323611565898007,0.513203005259741,0.08128800911486876,0.47751116254269144,0.24164640640368404,0.23097595338943971,0.7260245928683252,0.14494450675667764,0.24164640640368404,0.3036822869843346,0.40798982977867126,2048.595562130041,0.8846411918820702,0.5145787391928314,0.08074467437902086,0.370135685336681,0.19252775623934737,0.16796993141573538,0.5625129436522467,0.11613895115613,0.19252775623934737,0.3135249422614807,0.468803733587265,1361.8068929047643,0.8243601690028934
57.0,0.5095136202566124,0.07543272400852111,0.4399457013951149,0.2153573352891606,0.2123064971327525,0.6688104477800223,0.12834172020402246,0.2153573352891606,0.29181671578750623,0.4364571273326874,6557.174898233655,0.8380998395250265,0.5128793013718964,0.08074082694429181,0.4785190462376781,0.24105556297627725,0.23021220850481944,0.7275570143208727,0.14445899488730513,0.24105556297627723,0.30262457058918707,0.4076005518436432,2032.7112442233354,0.8919141312398128,0.5148937659701075,0.08138330750001944,0.37524565243225244,0.19445128635411577,0.16954776384054482,0.5702788055963102,0.11720822957992572,0.19445128635411577,0.31408211613887854,0.4661748707294464,1332.4321880193022,0.8443014671306016
58.0,0.5094867024658734,0.07538577874143894,0.4405080418662291,0.21534594028050008,0.21224334614162083,0.6696653241456694,0.12830219830713607,0.2153459402805001,0.2917304850717987,0.4366327226161957,6536.302012960002,0.8376977710024253,0.5127219204761487,0.08046271665971419,0.4785190462376781,0.24048683360724876,0.22942367554075596,0.7275570143208727,0.1440506876167886,0.2404868336072488,0.3021485925377343,0.40643709897994995,2042.4523802356262,0.9060533083252912,0.5148797647800063,0.08135844360182977,0.37524565243225244,0.19427162689802538,0.16881499913691367,0.5702788055963102,0.11707770503569818,0.1942716268980254,0.31404227807654167,0.4648164212703705,1316.5429360575959,0.8335830075711604
59.0,0.5094220997680996,0.0752768185998546,0.44016588180140465,0.2148173946832447,0.21166049207120718,0.6691451685322789,0.12794613590275264,0.2148173946832447,0.2915115537133594,0.437928706407547,6522.687595913282,0.8381730785443827,0.5126360763511955,0.0803329198326457,0.48013017253194173,0.24063764009838315,0.22936963506664962,0.7300066268191934,0.14406313360980522,0.24063764009838312,0.3018170174519898,0.4082849323749542,2040.1759981890189,0.8991670886192545,0.514767755259197,0.08116118527686439,0.3753495480749741,0.19395775879452257,0.16799382580028263,0.5704367007848459,0.11684316851510744,0.19395775879452257,0.3137163723517346,0.46362611651420593,1305.5830741282787,0.8237016020194056
60.0,0.509271651143104,0.07504637354923885,0.4406514112666019,0.21406611493876132,0.2108677936559013,0.669883275935077,0.12738674130106237,0.21406611493876138,0.2909267103012982,0.43774092197418213,6501.332275353917,0.8425356113430521,0.512591365869449,0.08025048213981557,0.48155389703148577,0.24115402066776945,0.2296413490127852,0.7321713071056898,0.14434900346364143,0.24115402066776942,0.30169271603136627,0.4082373380661011,2001.1583217431294,0.9138177307684285,0.5147887570443488,0.08120837740327531,0.37727933316530016,0.19464646278577954,0.16815653199048006,0.5733694876918638,0.11722006125642583,0.19464646278577954,0.31373396856578334,0.45947226881980896,1276.336318547495,0.856886465573594
61.0,0.508470519490081,0.07368791745241822,0.4417214349303207,0.21262239325531881,0.20940312985108295,0.6715099380513282,0.1263078273702125,0.2126223932553188,0.288217647131671,0.44066300988197327,6540.954180961167,0.8404812796075855,0.5110479600395599,0.0775505460956003,0.48015808159856355,0.23836969785321258,0.22670983917986623,0.7300490607355515,0.14243883555579967,0.2383696978532126,0.2968894739146788,0.42240801453590393,2072.253116349779,0.8699817822070778,0.5142287094403024,0.08025685907364474,0.37421616131580765,0.1916129949263882,0.1647181242766757,0.5687142385974583,0.11521595972775664,0.19161299492638817,0.31195080500773315,0.4499594569206238,1299.0683060485146,0.8072616055781032
62.0,0.509662759367464,0.0757370172794627,0.43882235478619924,0.21375043890836876,0.2103883810967043,0.6671027235173722,0.1272639230621596,0.21375043890836876,0.29215384151316387,0.4470309913158417,6515.140578743565,0.8085837256587668,0.5127201320568789,0.0804647074351275,0.48009730991274757,0.24076581594541485,0.22895523563460948,0.7299566613490795,0.1441569705068885,0.24076581594541485,0.30212631865553313,0.42566296458244324,2113.338332574022,0.82653330907843,0.5151597885820295,0.08182276769772297,0.3734685553316676,0.19411874789562036,0.16840882458513728,0.56757806594648,0.11708094212637572,0.19411874789562034,0.31497827104987125,0.4651828706264496,1365.362688732725,0.7819160242342554
63.0,0.5089669708522522,0.07454798247889605,0.4422321214474547,0.21300025810798226,0.20966246375840988,0.6722862894899638,0.12654706247452027,0.21300025810798226,0.28984121995533935,0.4359425902366638,6468.889416961323,0.8702156833372423,0.5125430785491627,0.080169453380122,0.48062699081064536,0.2398680216685565,0.22760875495936228,0.7307620066235202,0.1434826481821968,0.2398680216685565,0.30153224510176596,0.4124199151992798,2000.0566807471225,0.9009004566663442,0.5146767475235395,0.0810358737118569,0.37813312141475175,0.19372086703790375,0.1656899760494811,0.5746670306213381,0.11649587521937046,0.19372086703790378,0.31330215126416744,0.4542730748653412,1296.2983606977837,0.8397802996635901
64.0,0.5089508201778088,0.07452028114572823,0.4421857318432782,0.21274246454955079,0.20935115968507753,0.6722157674872637,0.12636760645802209,0.21274246454955079,0.28978765377280463,0.43826910853385925,6535.721153057032,0.8574340884450888,0.5123821208148753,0.0798850540588011,0.48062699081064525,0.23922641521285556,0.22677069493766702,0.73076200662352,0.14302374110810329,0.23922641521285554,0.30104363841250575,0.4138278067111969,2037.1038152255103,0.894528110219573,0.5146277433581854,0.08094885865666447,0.37813312141475175,0.1934028528773413,0.16485184535190806,0.5746670306213381,0.11626594278344896,0.1934028528773413,0.3131623176537519,0.44913074374198914,1276.487888123613,0.8483726390381983
65.0,0.5088824344391744,0.07439969774719736,0.44218573184327814,0.21235783429827118,0.2089168848591534,0.6722157674872637,0.126096281964215,0.21235783429827118,0.2895711775998216,0.4366034269332886,6486.253049435477,0.8725303750725408,0.5120870316353484,0.07936368633291886,0.48062699081064525,0.2384102707506348,0.22576281942779858,0.73076200662352,0.14244069198159848,0.23841027075063484,0.3001459331206554,0.4136837422847748,2053.5410033359376,0.8966872332770023,0.5144667296720221,0.08066295974571092,0.3781331214147517,0.19287074766083762,0.16381851234782088,0.574667030621338,0.11588155894542564,0.19287074766083762,0.312702478809649,0.4479961395263672,1274.3447535592115,0.8457271361794721
66.0,0.50875817609706,0.07418501814351915,0.4425211830837165,0.2120595732259689,0.20856997956338014,0.6727257242696905,0.1258681424263014,0.21205957322596888,0.2891633881755476,0.4348430931568146,6436.8177204251,0.8768759143913042,0.5119511117708391,0.07913687914309242,0.4829745759583823,0.2388164363603412,0.22600453440781598,0.7343313567975217,0.14259538040181496,0.2388164363603412,0.29968755902535876,0.4161178469657898,2100.013137712994,0.8814458086901027,0.5145577374076796,0.0808262034671614,0.38329457062348476,0.1955050674091668,0.165893244237346,0.582511132400595,0.11746452617128728,0.19550506740916676,0.31295541477403055,0.44344601035118103,1222.9408335923838,0.8593049786499454
67.0,0.5084970007761054,0.0737296203691532,0.44293452998528343,0.21155018971700873,0.20801430720955627,0.6733540989201275,0.12548754125321077,0.21155018971700873,0.2883177958449317,0.43618854880332947,6425.659922310453,0.8714014585376907,0.5119654191249979,0.07916774282424915,0.48444702202102263,0.23929097772096455,0.2262645268841375,0.7365701150444631,0.14284936563423054,0.23929097772096458,0.29971278909960297,0.41327840089797974,2081.4329419117935,0.8731983171668118,0.5143757219363646,0.08050136993078978,0.3791819876221565,0.19307096904202545,0.16343269841664923,0.5762610428746768,0.11596138253588657,0.19307096904202545,0.3124423078052284,0.4466603398323059,1240.7208637827252,0.8593237321581064
68.0,0.5080463824089764,0.07293898080018588,0.4408650917843564,0.20908502366998818,0.2055200241666732,0.6702081154830214,0.12386335565206008,0.2090850236699882,0.2868692399693749,0.441055029630661,6407.446535224531,0.8616053432354491,0.5112411093207047,0.07784909342574314,0.48028442177211933,0.2366818182107088,0.22337816810694072,0.7302411527331089,0.1412279252713446,0.23668181821070883,0.29762664907148345,0.4163667857646942,1950.5132869177237,0.8543638354751736,0.514767755259197,0.08117933099739776,0.37530923893418344,0.1909188003148649,0.1608142616850117,0.5703754410513467,0.11464699605599328,0.1909188003148649,0.31363897615033537,0.44703003764152527,1276.1214502884877,0.7999753115657247
69.0,0.5079633010116142,0.07284156785206053,0.4450022660823114,0.210970104727033,0.20732919481899176,0.6764974947995709,0.12497166149004164,0.210970104727033,0.28644627586800414,0.43895423412323,6396.1913385138005,0.8359985962165559,0.5109960958807339,0.0774374153474679,0.47727836980728017,0.2348909322004043,0.22160541141801632,0.7256706466902931,0.14012364179511755,0.2348909322004043,0.2968022849674045,0.41905707120895386,1972.603051447336,0.8626589639980694,0.5142147082502012,0.08027657832472723,0.3757534454339273,0.19102710623325947,0.162150520304832,0.5710505229622764,0.11469784247256437,0.19102710623325944,0.31171991229136886,0.45369845628738403,1323.341408377517,0.7988242992881522
70.0,0.5064225848703392,0.07013905618164222,0.4412180679080899,0.20585406316248717,0.20223732747238993,0.6707447137919064,0.12158438263251978,0.20585406316248717,0.28142991246473414,0.42968234419822693,6412.6906606555185,0.8831621353941864,0.5092541755118903,0.0744288332847945,0.48108085538902134,0.2323611604912723,0.2189411982765374,0.7314520781267246,0.13811874457260032,0.2323611604912723,0.29115981524598206,0.4032529294490814,1954.5971244786892,0.927161458331283,0.5137456683818125,0.07949513462532305,0.37753391023234506,0.18938499291301375,0.15919232640093592,0.5737563806639356,0.11340955942191946,0.18938499291301378,0.31015206344538754,0.43983206152915955,1252.1728666556828,0.8359770744317766
71.0,0.5068697111997507,0.07091183456606372,0.4414185342354286,0.2075443150767117,0.20380867868297134,0.6710494649776256,0.12275522021148805,0.2075443150767117,0.28293169803011237,0.43927136063575745,6426.945275805872,0.8359998192823574,0.5103629954592035,0.07638653768364327,0.48615131380269494,0.23686178556583515,0.22307253685586834,0.7391613795927695,0.14102665159193425,0.23686178556583515,0.29461900188618584,0.41836637258529663,1929.7906453731202,0.8379535336258817,0.5137316671917113,0.07950332450716222,0.37751119972609504,0.18977405379757584,0.16012225972882405,0.5737218664189476,0.11369006111976014,0.18977405379757586,0.3099702405508471,0.4608539640903473,1292.296375295999,0.817368592320445
72.0,0.50710338672368,0.07133217792257494,0.4427623053294093,0.2079992401541135,0.20421523241755482,0.6730922810438563,0.1230051735097747,0.20799924015411353,0.28365994588767224,0.43940478563308716,6500.163788534565,0.8161834435705624,0.5101662693395189,0.07604778430839201,0.4861821032106148,0.23638322868833903,0.2228448877136479,0.7392081928802969,0.14068579273504195,0.236383228688339,0.2939788836669252,0.4181707203388214,2033.4099782118087,0.8480143823077886,0.514235710035353,0.08036503844362297,0.3740875940314413,0.18851249287926392,0.15754968665123664,0.5685188487324673,0.11298899059853787,0.1885124928792639,0.3115620758997359,0.41533562541007996,1189.592248333413,0.8363591462444065
73.0,0.5076756444046352,0.07228474644348791,0.4416814361402984,0.20851666771764854,0.20465958662569456,0.6714491314368287,0.12342260842998068,0.20851666771764857,0.2856846214516063,0.43890154361724854,6350.798677299256,0.8511397107477706,0.511262570351943,0.07794940224308262,0.4870041567955511,0.23810123451478912,0.22401345737234968,0.7404580717650988,0.14185859834380576,0.2381012345147891,0.2974834750393409,0.4218345880508423,2100.725895503259,0.8433056062472204,0.5141867058699989,0.08015751607845031,0.3790741398957656,0.19252370270946786,0.16190499610849646,0.5760971415151438,0.11557336140048971,0.19252370270946786,0.3119368216724907,0.45749273896217346,1369.564980520222,0.7563231823008222
74.0,0.5072976313217159,0.07165286250877521,0.4399088905171478,0.2065337145281353,0.202638812152222,0.6687544874656056,0.12212499533756838,0.20653371452813532,0.28435723880680525,0.44249722361564636,6384.006630685199,0.8422773948688398,0.5094920352747817,0.07486212575286698,0.48294166408570316,0.2322698827478661,0.2184937200642488,0.7342813164406949,0.13795392333669257,0.23226988274786609,0.2918591896300967,0.43162739276885986,2068.933949231402,0.8660808051291887,0.5125275648430117,0.07735811161159666,0.3753867107404845,0.1872073362675473,0.15610737627646926,0.5704931786690337,0.11197615587891942,0.1872073362675473,0.30651409997982076,0.4535076320171356,1356.7611397612573,0.7624297626967824
75.0,0.5071911241713322,0.07153020454202655,0.44277025284474464,0.20620419124247802,0.2023011155604657,0.6731043629468578,0.12175121814379664,0.20620419124247802,0.28380368706707126,0.4359816312789917,6332.987455674091,0.8464703024608526,0.5104703006153951,0.07655361561940825,0.481268592902145,0.23326357803609984,0.21856756899904634,0.7317375207764963,0.13874664424897604,0.23326357803609984,0.2950273007655164,0.4279524087905884,1948.6986981103996,0.8096053188637933,0.5151387867968777,0.08196843325222733,0.37970282741500083,0.19140864711300168,0.15929466363530526,0.577052588074588,0.11473278636103065,0.19140864711300165,0.3141459528163295,0.45914426445961,1298.6777624881672,0.7545386419915642
76.0,0.5067994339406859,0.07081256271416513,0.44281633204190973,0.20604594452043262,0.2020749440683208,0.6731744130652965,0.12163861023587803,0.2060459445204326,0.28262370145017035,0.4367145299911499,6368.644906625435,0.8579899396794682,0.5099927926703425,0.075743204344563,0.4837170336647464,0.23366650719102652,0.2193094555897981,0.7354602153379475,0.13889826205758657,0.23366650719102652,0.2934331768934456,0.42309898138046265,1981.7738772639193,0.819050987019115,0.5134516433896881,0.07896497959091338,0.38123270499277595,0.19083732023413846,0.15920587421945537,0.5793776163650082,0.114231661883013,0.19083732023413844,0.30933895869850897,0.43490007519721985,1289.8685856597024,0.7785681772633901
77.0,0.5060371512072702,0.06952538781006004,0.44411455159041757,0.20457940679575518,0.20059926194909486,0.6751479811551788,0.12055457592828489,0.20457940679575518,0.27995671414807494,0.42482268810272217,6295.766712380802,0.8887922412319198,0.5086014024783915,0.07330467948994943,0.4831386497090104,0.23119030802223534,0.21667148579677012,0.7345808202391003,0.1371824707454158,0.23119030802223534,0.2890072594280254,0.41844242811203003,1983.8280475115505,0.8863477199652864,0.5125205642479611,0.07741025735434107,0.38743508464630255,0.19175402350574267,0.15939074782614787,0.5888036700387589,0.11452563062576017,0.19175402350574267,0.30621267525524143,0.41970396041870117,1238.8200885402428,0.8609910813500303
78.0,0.5071700264434557,0.07147279297894694,0.4443437150529481,0.2070388934726309,0.20294845898067707,0.6754963580514728,0.12225495098587112,0.2070388934726309,0.2838004009919872,0.44484758377075195,6320.963167336724,0.8493743547892876,0.5095671488841158,0.0749714270032428,0.4838669676850182,0.23277432390827438,0.21798526581587505,0.7356881802413129,0.13826016243006595,0.23277432390827438,0.2921741362694423,0.4163791835308075,1985.549830766857,0.8895773946132365,0.5133746368441318,0.07881176637526469,0.3797549262104381,0.18997010204605547,0.15825494264793463,0.5771317651113967,0.11369752930861775,0.18997010204605547,0.3091877801717977,0.44679775834083557,1324.8236067706205,0.8006144089424109
79.0,0.5056406594247624,0.06878901721788952,0.4435661939931131,0.2039655967954918,0.1998717789542592,0.6743143617129754,0.12015494167216269,0.2039655967954918,0.27878060095153917,0.42587459087371826,6347.889104394949,0.8682304844976191,0.5076517518460958,0.07162012245134834,0.4834839761748197,0.2292860460487812,0.21476764706000512,0.7351058666179344,0.13582563349635748,0.22928604604878122,0.28602258835880734,0.4074179232120514,1981.9218457809943,0.8809472649588421,0.5125415660331128,0.07738130046067347,0.38293012493237266,0.18925823169931563,0.1558027551476013,0.5819572668139187,0.11300414620398813,0.18925823169931566,0.30656212198383403,0.44114717841148376,1384.7520056703404,0.7967456348122135
80.0,0.5057932905733314,0.06907611584365422,0.441328939271057,0.20305916037845154,0.1988917976775635,0.6709132616960611,0.11963381462411568,0.20305916037845156,0.27922155210935656,0.43046772480010986,6320.1859654461305,0.8626680742933942,0.5081274713718785,0.07249335186168149,0.484381549408767,0.23005510550621,0.2152604493120565,0.7364705682058011,0.1363188659762971,0.23005510550621,0.28741800791084837,0.42024192214012146,2037.2232259267432,0.848595421649841,0.512121530330078,0.07671552734531595,0.3830809926819986,0.18916745650093889,0.1574766500976482,0.582186547764949,0.11293079535452458,0.18916745650093886,0.30498788595478393,0.4541051983833313,1269.7925531916198,0.7509387292335914
81.0,0.5057913990529012,0.06908546286816838,0.4438053894256373,0.20371400380473284,0.19951447265931896,0.6746779893238969,0.11996885371010052,0.2037140038047328,0.2791735771980975,0.42955464124679565,6313.779989486971,0.8722598647525801,0.5077215001976203,0.07175402248373373,0.4802571440082994,0.2273843829926064,0.21207242722074815,0.7301996786715053,0.13465854580038117,0.2273843829926064,0.2862065617296594,0.411018431186676,2029.9245449485777,0.8810261693816175,0.5124225559172529,0.07725126169869818,0.3829301044052637,0.1886288692978728,0.15581403978707056,0.5819572356178873,0.11255568124475125,0.1886288692978728,0.30586168266231756,0.44952917098999023,1393.1622849811508,0.7887929881671004
82.0,0.5054883192793366,0.0685272008688307,0.44082952028653705,0.20135351710369834,0.1971277996186917,0.6701540392883698,0.1184752029417613,0.20135351710369834,0.278257627835181,0.4316169321537018,6271.098262847039,0.8741095691381896,0.5073817005363469,0.07116008427564365,0.4816330330722083,0.2267820088298145,0.21089709561201175,0.7322916282965931,0.13416577727194587,0.2267820088298145,0.28510097859283645,0.42029711604118347,1979.5214394747961,0.8241085726866939,0.511624488081487,0.07586692730878868,0.3824404274857511,0.18675922213515217,0.15255405113607373,0.5812130501303867,0.11125405563185917,0.18675922213515217,0.3033825852061291,0.45941421389579773,1412.758479849279,0.7829615490593121
83.0,0.5057748118737431,0.06906878005745144,0.44252858334767337,0.20195065853204938,0.19767127574219115,0.6727369742349362,0.11880796496325916,0.20195065853204938,0.2790779421492318,0.44103628396987915,6295.605464205278,0.8497157664622865,0.509284578639478,0.07453216031902314,0.4885922533046795,0.23224326338453513,0.21621048427534717,0.7428726689764729,0.1376361287488717,0.23224326338453513,0.29108482534671337,0.4259982705116272,1977.94003350011,0.83179796314298,0.5124925618677587,0.07737878272459635,0.3864937390662156,0.1898833381590196,0.1561348949877431,0.5873730620368119,0.11324659572821498,0.18988333815901956,0.30605189673938277,0.4443720877170563,1273.4100177343064,0.8390094981298264
84.0,0.5055268771958006,0.06859881668198299,0.4409659311288632,0.2011927235848726,0.1968525910320872,0.670361412598869,0.11835741609289163,0.20119272358487264,0.27837225635840845,0.4319482445716858,6247.59258407233,0.8937192839592294,0.5074836404347289,0.07133128552367031,0.4841154621324168,0.22758696482245,0.21175610708791623,0.7360659998488,0.134602623545395,0.22758696482245,0.28545796317351857,0.4125083386898041,2002.4669472890857,0.8843015871405256,0.5116384892715881,0.07591663149892956,0.3867683881625005,0.18876413490637226,0.15424454021189338,0.5877904594338831,0.11243602600257027,0.18876413490637226,0.3033148169637429,0.45945701003074646,1463.328331589578,0.7434228022232127
85.0,0.5056053025428727,0.06872474363183587,0.4429717298834644,0.2025101032098923,0.19809807580436,0.6734106506274881,0.11917427758654207,0.20251010320989232,0.2786710021006919,0.4358527362346649,6339.289097393651,0.8485897504142602,0.5084332910670246,0.073011866513658,0.4904983217053782,0.2326406934058603,0.21640328017943053,0.7457707217198425,0.13781596191600606,0.2326406934058603,0.2884619850923493,0.4078472852706909,1933.6821707831398,0.8693326365921562,0.5121285309251287,0.07667990369876182,0.3834257163334643,0.18881975694803205,0.15433562683099133,0.5827104408225885,0.11266344162907091,0.18881975694803207,0.3052184977634668,0.4343603253364563,1318.439328714582,0.7832106988803663
86.0,0.5048175570344335,0.06737777287979436,0.44228776560901784,0.2002092325354492,0.19579015277282039,0.6723708803758239,0.11761558070265671,0.20020923253544923,0.2759324172191949,0.42878249287605286,6241.033234472088,0.8956044366365559,0.5075569656247932,0.0715000772055343,0.4857173584130656,0.228178666770878,0.21190381617133125,0.7385015787131399,0.13493513852416214,0.22817866677087797,0.2855524280852361,0.40312856435775757,1909.8009870429134,0.885819663863199,0.5117294970072456,0.07606977542946887,0.38679583216537133,0.18851311030018605,0.15329031862771314,0.5878321674005884,0.11225642785096229,0.18851311030018603,0.303619167274201,0.42797040939331055,1305.30510430233,0.8074921070437839
87.0,0.5044335783870801,0.06672018539300459,0.4411288886903404,0.19805266454438267,0.19363183677220133,0.6706091425330748,0.11618257683946003,0.19805266454438272,0.27459154939022773,0.4390834867954254,6324.826000620533,0.8719551578415828,0.5063014952973516,0.06928873526315808,0.4892907758526046,0.22745736437116656,0.2112205491597112,0.743934726972701,0.1342524668408678,0.22745736437116654,0.2814990520673462,0.4095837473869324,1896.7922202765103,0.8753485435043841,0.510525394658546,0.07396907800201648,0.38844043225025776,0.1869960579738193,0.15076992726974964,0.5903315449843486,0.11109322162782251,0.1869960579738193,0.29990024954393457,0.4280461370944977,1256.5613809169186,0.7822451938027453
88.0,0.5054365207198603,0.06847860346726115,0.4418131567983385,0.20077837611840157,0.19620086770346595,0.6716493746759519,0.11803086748179764,0.20077837611840152,0.27794542650605303,0.4357154369354248,6250.596649821046,0.8664093574620627,0.507024016682375,0.07055676245494356,0.4857900946056449,0.22716767049454265,0.21042943631100264,0.7386121693521586,0.1342249596979819,0.22716767049454267,0.2838544882747796,0.42007312178611755,2061.648021317185,0.8597439542709133,0.512072526164724,0.0767014797405354,0.38319012020007187,0.18722645949696257,0.15303782614949923,0.5823523940852492,0.11154393271523484,0.18722645949696254,0.30452685495867277,0.4493567943572998,1342.34523803056,0.784160779323119
89.0,0.5043746502505974,0.0666422286533248,0.4436909894340425,0.19914787806059095,0.19458508203124342,0.6745040771584594,0.11681945927087597,0.19914787806059092,0.2743079284829708,0.4198075830936432,6234.530575200279,0.8819215335877233,0.5065787002841798,0.06981457036745602,0.49278589335614204,0.2291929658647958,0.21242075884661976,0.74924882528408,0.13528868403861913,0.22919296586479582,0.2822634233115973,0.40393394231796265,1970.0968297420804,0.8675333741419112,0.5108404214358221,0.0745426630020141,0.38504210230995645,0.185600647747037,0.1493233148425579,0.585166940073364,0.11029115251153174,0.18560064774703702,0.3007708884591557,0.4359319806098938,1425.6272588955078,0.7561970177877919
90.0,0.5047750705755373,0.06734549853859328,0.4421109467161996,0.1983288233635511,0.19372938012316182,0.6721020782884147,0.11632785042448276,0.1983288233635511,0.27564903315225336,0.43159958720207214,6272.606547704879,0.8745796512443006,0.5070776692604707,0.07066485248988627,0.48790990748439583,0.22759316358491188,0.21025749027440915,0.7418352066400348,0.13441579455312003,0.2275931635849119,0.2839789954188048,0.4122912585735321,1901.9059644373563,0.8500193421865307,0.5120585249746229,0.07668823762825852,0.3891343219998746,0.18905499401583817,0.1519120359913955,0.5913860824988063,0.11251138206397401,0.1890549940158382,0.30443540734218527,0.4338493347167969,1349.6411630015066,0.7737846670916928
91.0,0.5049089320213748,0.06755442055153882,0.4401191977584822,0.19799651263491985,0.19332216768797966,0.669074198920456,0.11619009695038894,0.19799651263491988,0.2761830849974355,0.4264044463634491,6222.424134252931,0.8937911414733336,0.5063873394223048,0.0694319064907039,0.48524182127449456,0.22525880530692388,0.20848745599647606,0.7377785554950304,0.1329211718807179,0.2252588053069239,0.28180700107465473,0.4123815894126892,2004.8799614687325,0.8734994461615858,0.5105183940634954,0.07394171434692665,0.3896326308878128,0.1882723739669183,0.15189496731594115,0.5921433864025011,0.11193035082310332,0.1882723739669183,0.2999460295122317,0.42518875002861023,1318.9865862075417,0.7820477688875035
92.0,0.5045464876066127,0.06693157701338934,0.4413000483533793,0.19765333371559776,0.19295064363546466,0.6708693413951524,0.1159000610588894,0.19765333371559776,0.2749258655176394,0.4283755421638489,6177.150109937245,0.9015695895859409,0.5067968874351028,0.07017602532593824,0.48623799460083306,0.2252056418408153,0.2080496397303965,0.7392931720954675,0.1328351338249533,0.22520564184081532,0.28305182460193246,0.4000729024410248,1886.3329227477752,0.9004432235824732,0.511274458328958,0.07530577775959056,0.38310311254888574,0.18439578660944675,0.14619528221448833,0.5822201643869848,0.1095449651246533,0.18439578660944675,0.3020870629125714,0.4263860583305359,1280.608054376277,0.8289968648119147
93.0,0.504129334600943,0.06620375919991907,0.4448791279894958,0.19832226818370008,0.19359737271700167,0.6763102988734973,0.11619820373415292,0.19832226818370008,0.27350906885207915,0.42688092589378357,6243.190902968882,0.8851513491453311,0.5056630296180116,0.06816007299942224,0.4875171735573314,0.22508850218017065,0.20747484332689636,0.7412380803069366,0.13269111410161857,0.22508850218017065,0.2794328036146678,0.41144052147865295,1928.3563994762026,0.8567231289877042,0.5107354125100634,0.07439629321658006,0.39448777618021413,0.1888962823755683,0.15080379079902154,0.5995219834372717,0.11210981880327477,0.18889628237556833,0.3002825207515935,0.4400777220726013,1335.1530913461152,0.7540676976324677
94.0,0.5043048094962473,0.06652587259349564,0.44491484777689594,0.19781389335132799,0.19305793287562986,0.6763646004996523,0.11584772845580195,0.19781389335132796,0.27405223041713317,0.43431761860847473,6174.494950257287,0.880152109836194,0.5061763059484613,0.06906879362043801,0.4866805995178458,0.2241624740062314,0.20614297641597976,0.7399661240176061,0.13208841339476327,0.22416247400623143,0.2810899749590848,0.4158509075641632,2075.1406286670062,0.8396178226053995,0.5112814589240086,0.07529331160340792,0.39054436784300534,0.1879191942130193,0.14997532100358255,0.5935289967578912,0.1116316280487139,0.1879191942130193,0.30221718163204614,0.4230938255786896,1307.303067985946,0.8070624153550183
95.0,0.5039336349871915,0.06591009874993045,0.44376204077868353,0.19645408600315967,0.1916429198148142,0.6746120902188758,0.1149668110150216,0.19645408600315967,0.27268095662456754,0.429319828748703,6195.598100927355,0.8935287707969152,0.505720259034647,0.0683239958719549,0.49048829427379276,0.22439243084653593,0.206587148275913,0.7457554756638224,0.1320649026089384,0.22439243084653593,0.2793889944932947,0.41458961367607117,1969.4914641299426,0.8500549761996374,0.5105183940634954,0.07404469241907763,0.39057092384456543,0.18611933597751723,0.14867019620321678,0.5935693551864377,0.1103622338085439,0.18611933597751726,0.29948885182761475,0.4370133578777313,1384.7527906366743,0.7898864460001983
96.0,0.5038115591686506,0.06566200412120772,0.44188982487325434,0.1959034677470915,0.19101011341073296,0.6717659263534709,0.11467237671329147,0.19590346774709153,0.2723821044295075,0.42709875106811523,6202.253164970253,0.8728658286056744,0.5053232299567382,0.06760041048460433,0.48832135946353256,0.2231659896758457,0.20527436412966835,0.7424607925510466,0.13131861524195804,0.2231659896758457,0.2781757477426016,0.41903766989707947,2024.336541083428,0.8699330896886142,0.5099443452693478,0.07298203806158222,0.38648577171913395,0.18394724600918252,0.14536773440162726,0.5873609536775332,0.10904944792950336,0.18394724600918255,0.2979715704717746,0.425517737865448,1310.579555292262,0.775798756840003
97.0,0.5043768327741708,0.06665963512572957,0.44471815736997833,0.19762544914338262,0.19268344794722175,0.6760655895110066,0.11572724354650381,0.19762544914338262,0.274269825279026,0.42622026801109314,6200.551504765217,0.8813764299484514,0.5067396580184672,0.07006726469991027,0.4876645748136124,0.22529376251104097,0.2071828375573612,0.7414621943077693,0.13282660587927655,0.225293762511041,0.28289524275661165,0.41571328043937683,1996.3495455443697,0.8792286312249304,0.5119675172389653,0.07649366000639155,0.3878598016003378,0.18683359947845987,0.14613310977049399,0.5894491327528337,0.11100980304306915,0.1868335994784599,0.3043120035583793,0.4101385176181793,1263.6214835370388,0.7702665239899412
98.0,0.5045917385953685,0.06703578175072838,0.4445786571969793,0.19778222848772792,0.1927682033146041,0.6758535197649607,0.11584100973585953,0.19778222848772795,0.2749948744248733,0.43427231907844543,6117.106381652663,0.8822467354271408,0.5059455998626494,0.06868230360702543,0.49144185125961365,0.22525407833619843,0.20712433544775335,0.7472052968967354,0.1326164570173268,0.2252540783361984,0.2802659093218363,0.40813544392585754,2013.7200861064186,0.8785478827526062,0.5098813399138927,0.07285869634981254,0.3994481916068409,0.189731886956218,0.14990484040224156,0.6070605645412033,0.11243650525658415,0.189731886956218,0.2978349737047088,0.4414671063423157,1431.3042810218399,0.7613658132538524
99.0,0.5039494946584918,0.0659239495739528,0.4445041932441706,0.19612291006049504,0.19112120724907494,0.6757403188188813,0.11470746644839708,0.19612291006049504,0.272781451308327,0.43712252378463745,6155.2251485705665,0.8965968324389253,0.5063533594561774,0.06939497128033838,0.4887181886784747,0.22440792555656486,0.20547356524606578,0.7430641455023839,0.13216041209608023,0.22440792555656489,0.2816136122882988,0.41363054513931274,1863.615577823382,0.8983405412631816,0.5112114529735028,0.07525375326004244,0.3912029466313982,0.18627479274825692,0.14650014205937517,0.5945298705119276,0.1104383632828728,0.1862747927482569,0.301638657686274,0.42660003900527954,1272.4026752333764,0.8473464160245889
